model,model_label,epoch,count,mean,std,min,max
vit_no_pos,vit_no_pos,1,5,0.3370577777777778,0.002678658223167572,0.33344444444444443,0.3404888888888889
vit_no_pos,vit_no_pos,2,5,0.4566177777777778,0.004207647358833249,0.4515111111111111,0.46253333333333335
vit_no_pos,vit_no_pos,3,5,0.50664,0.004357578895116024,0.5003333333333333,0.5116444444444445
vit_no_pos,vit_no_pos,4,5,0.5350177777777778,0.004002696621893005,0.5300222222222222,0.5399555555555555
vit_no_pos,vit_no_pos,5,5,0.5577511111111111,0.004164085126203773,0.5535555555555556,0.5643777777777778
vit_no_pos,vit_no_pos,6,5,0.5743822222222222,0.003173205724169357,0.5711333333333334,0.5783777777777778
vit_no_pos,vit_no_pos,7,5,0.5893466666666667,0.005923329060629167,0.5840444444444445,0.5966222222222223
vit_no_pos,vit_no_pos,8,5,0.6030222222222222,0.004201998348816542,0.5975777777777778,0.6086
vit_no_pos,vit_no_pos,9,5,0.6146755555555555,0.004455281232896285,0.6100666666666666,0.6206
vit_no_pos,vit_no_pos,10,5,0.6261955555555556,0.0021435749532607664,0.6231555555555556,0.6288666666666667
vit_no_pos,vit_no_pos,11,5,0.6353955555555556,0.002587453106869181,0.6312,0.6381333333333333
vit_no_pos,vit_no_pos,12,5,0.6452844444444444,0.004067892954149556,0.64,0.6506666666666666
vit_no_pos,vit_no_pos,13,5,0.6535555555555556,0.004796577998305368,0.6482222222222223,0.6597777777777778
vit_no_pos,vit_no_pos,14,5,0.6621288888888889,0.002585209593432479,0.6585555555555556,0.6641333333333334
vit_no_pos,vit_no_pos,15,5,0.6721377777777777,0.002291497973589093,0.6688444444444445,0.6743333333333333
vit_no_pos,vit_no_pos,16,5,0.6767422222222222,0.004150311605139177,0.6716444444444445,0.6808222222222222
vit_no_pos,vit_no_pos,17,5,0.6853244444444444,0.00342404713247819,0.6803111111111111,0.6883333333333334
vit_no_pos,vit_no_pos,18,5,0.6914177777777778,0.00332110349056782,0.6874222222222223,0.6948444444444445
vit_no_pos,vit_no_pos,19,5,0.6978088888888889,0.004921873576817332,0.6915333333333333,0.7032888888888889
vit_no_pos,vit_no_pos,20,5,0.7032888888888889,0.00522758589800184,0.696,0.7088666666666666
vit_no_pos,vit_no_pos,21,5,0.7102222222222222,0.002981258330733478,0.7069777777777778,0.7130666666666666
vit_no_pos,vit_no_pos,22,5,0.7190755555555556,0.004868229074415822,0.7116222222222223,0.7242888888888889
vit_no_pos,vit_no_pos,23,5,0.7234977777777778,0.004075751843086081,0.7188666666666667,0.7282666666666666
vit_no_pos,vit_no_pos,24,5,0.7290088888888889,0.004866783357302212,0.7227777777777777,0.7346
vit_no_pos,vit_no_pos,25,5,0.7348844444444445,0.003901294498680169,0.7298888888888889,0.7384666666666667
vit_no_pos,vit_no_pos,26,5,0.7421422222222223,0.004484833151306968,0.7349777777777777,0.7461777777777778
vit_no_pos,vit_no_pos,27,5,0.7457777777777778,0.005309716227799117,0.7383333333333333,0.7511333333333333
vit_no_pos,vit_no_pos,28,5,0.75308,0.004902748032645049,0.7453111111111111,0.7580222222222223
vit_no_pos,vit_no_pos,29,5,0.75844,0.005776504133124113,0.7515111111111111,0.7661333333333333
vit_no_pos,vit_no_pos,30,5,0.7628488888888889,0.004490384789253089,0.7565777777777778,0.7674222222222222
vit_no_pos,vit_no_pos,31,5,0.7679688888888889,0.0060703000922422475,0.7583777777777778,0.7739555555555555
vit_no_pos,vit_no_pos,32,5,0.7733599999999999,0.0056763620761675305,0.7644222222222222,0.7798222222222222
vit_no_pos,vit_no_pos,33,5,0.7790266666666666,0.006630036403825356,0.7697111111111111,0.7855777777777778
vit_no_pos,vit_no_pos,34,5,0.7846266666666667,0.005332208214655988,0.7768888888888889,0.7899333333333334
vit_no_pos,vit_no_pos,35,5,0.79052,0.005118029134561688,0.7838888888888889,0.7966888888888889
vit_no_pos,vit_no_pos,36,5,0.7935155555555555,0.008068294907602823,0.7841111111111111,0.8017777777777778
vit_no_pos,vit_no_pos,37,5,0.7997866666666666,0.006801408713922968,0.7907777777777778,0.8065555555555556
vit_no_pos,vit_no_pos,38,5,0.8042222222222222,0.0073652336464409985,0.7950444444444444,0.8121111111111111
vit_no_pos,vit_no_pos,39,5,0.8108533333333333,0.006089164632847903,0.8024222222222223,0.8176666666666667
vit_no_pos,vit_no_pos,40,5,0.8151022222222222,0.007474427183964984,0.8057111111111112,0.8219333333333333
vit_no_pos,vit_no_pos,41,5,0.8195511111111111,0.006560664675751555,0.8100444444444445,0.8256888888888889
vit_no_pos,vit_no_pos,42,5,0.8238622222222223,0.006255928546211869,0.8176666666666667,0.8310444444444445
vit_no_pos,vit_no_pos,43,5,0.8356533333333334,0.016347798583250205,0.8201333333333334,0.8619777777777777
vit_no_pos,vit_no_pos,44,5,0.8407422222222222,0.018641898912442615,0.8247111111111111,0.8722222222222222
vit_no_pos,vit_no_pos,45,5,0.8462755555555556,0.019020356865964504,0.8306,0.8772444444444445
vit_no_pos,vit_no_pos,46,5,0.8474,0.018612301786124615,0.8335555555555556,0.8792888888888889
vit_no_pos,vit_no_pos,47,5,0.8539155555555555,0.020382220526239208,0.837,0.8882666666666666
vit_no_pos,vit_no_pos,48,5,0.8718666666666667,0.014624223098495428,0.8562444444444445,0.8909555555555555
vit_no_pos,vit_no_pos,49,5,0.8837688888888889,0.013750282600911806,0.8606666666666667,0.8946444444444445
vit_no_pos,vit_no_pos,50,5,0.8892933333333334,0.01591920495564249,0.8627555555555556,0.905
vit_no_pos,vit_no_pos,51,5,0.8972266666666666,0.017593099096022535,0.8713555555555555,0.9181111111111111
vit_no_pos,vit_no_pos,52,5,0.8995688888888889,0.02026561644452356,0.8706222222222222,0.9247555555555556
vit_no_pos,vit_no_pos,53,5,0.9035955555555556,0.020038040366472835,0.8738,0.9268444444444445
vit_no_pos,vit_no_pos,54,5,0.9128755555555556,0.011563326446940702,0.9007111111111111,0.9300444444444445
vit_no_pos,vit_no_pos,55,5,0.9163644444444444,0.010727691178659638,0.9036222222222222,0.9289333333333334
vit_no_pos,vit_no_pos,56,5,0.9241511111111111,0.014274767516647016,0.9077555555555555,0.9416666666666667
vit_no_pos,vit_no_pos,57,5,0.9306577777777778,0.013248224665596622,0.9123555555555556,0.9486444444444444
vit_no_pos,vit_no_pos,58,5,0.9318977777777778,0.013069364800796415,0.9125777777777778,0.9481333333333334
vit_no_pos,vit_no_pos,59,5,0.9341377777777777,0.012855372129681533,0.9149111111111111,0.9499777777777778
vit_no_pos,vit_no_pos,60,4,0.934711111111111,0.013447351996588931,0.9174888888888889,0.9496
vit_no_pos,vit_no_pos,61,3,0.9341259259259259,0.014229968955022538,0.9207333333333333,0.9490666666666666
vit_no_pos,vit_no_pos,62,3,0.9436444444444445,0.00893054129945295,0.9364,0.9536222222222223
vit_no_pos,vit_no_pos,63,3,0.9459185185185185,0.006858223263896281,0.9394222222222223,0.9530888888888889
vit_no_pos,vit_no_pos,64,2,0.9529,0.004572623851672975,0.9496666666666667,0.9561333333333333
vit_no_pos,vit_no_pos,65,2,0.9547444444444444,0.009192388155425125,0.9482444444444444,0.9612444444444445
vit_no_pos,vit_no_pos,66,2,0.9565666666666667,0.009098107251266852,0.9501333333333334,0.963
vit_no_pos,vit_no_pos,67,2,0.9585,0.008940972411003244,0.9521777777777778,0.9648222222222222
vit_no_pos,vit_no_pos,68,2,0.9599,0.007306770072260971,0.9547333333333333,0.9650666666666666
vit_no_pos,vit_no_pos,69,2,0.9638111111111112,0.0014927809825049001,0.9627555555555556,0.9648666666666667
vit_no_pos,vit_no_pos,70,2,0.9657111111111111,0.000691393297160156,0.9652222222222222,0.9662
vit_no_pos,vit_no_pos,71,2,0.9666,0.0008171011693711362,0.9660222222222222,0.9671777777777778
vit_no_pos,vit_no_pos,72,2,0.9673222222222222,0.0009585225256084302,0.9666444444444444,0.968
vit_no_pos,vit_no_pos,73,1,0.9685111111111111,0.0,0.9685111111111111,0.9685111111111111
vit_no_pos,vit_no_pos,74,1,0.9702888888888889,0.0,0.9702888888888889,0.9702888888888889
vit_no_pos,vit_no_pos,75,1,0.9713777777777778,0.0,0.9713777777777778,0.9713777777777778
vit_no_pos,vit_no_pos,76,1,0.9710888888888889,0.0,0.9710888888888889,0.9710888888888889
vit_no_pos,vit_no_pos,77,1,0.9714222222222222,0.0,0.9714222222222222,0.9714222222222222
vit_no_pos,vit_no_pos,78,1,0.9728444444444444,0.0,0.9728444444444444,0.9728444444444444
vit_no_pos,vit_no_pos,79,1,0.9799111111111111,0.0,0.9799111111111111,0.9799111111111111
vit_no_pos,vit_no_pos,80,1,0.9823555555555555,0.0,0.9823555555555555,0.9823555555555555
vit_no_pos,vit_no_pos,81,1,0.9809333333333333,0.0,0.9809333333333333,0.9809333333333333
vit_no_pos,vit_no_pos,82,1,0.9826888888888888,0.0,0.9826888888888888,0.9826888888888888
vit_baseline,ViT Baseline,1,5,0.34124444444444446,0.0037816973130991266,0.33524444444444446,0.3454
vit_baseline,ViT Baseline,2,5,0.4716666666666667,0.004477157387406101,0.46615555555555555,0.4784888888888889
vit_baseline,ViT Baseline,3,5,0.5314355555555555,0.0040780230020119245,0.5254,0.5365555555555556
vit_baseline,ViT Baseline,4,5,0.5661688888888889,0.005766005100137788,0.5606888888888889,0.5736222222222223
vit_baseline,ViT Baseline,5,5,0.5926844444444445,0.005156355301955057,0.5854888888888888,0.5979111111111111
vit_baseline,ViT Baseline,6,5,0.6128755555555555,0.005578034522643444,0.6068222222222223,0.6186888888888888
vit_baseline,ViT Baseline,7,5,0.6320444444444444,0.003326029034119009,0.6287111111111111,0.6357333333333334
vit_baseline,ViT Baseline,8,5,0.6481822222222222,0.0030883452759058443,0.6435555555555555,0.6511555555555556
vit_baseline,ViT Baseline,9,5,0.666,0.005260967380413815,0.6584666666666666,0.6709333333333334
vit_baseline,ViT Baseline,10,5,0.6777777777777778,0.003716263887824798,0.6735555555555556,0.6809555555555555
vit_baseline,ViT Baseline,11,5,0.6907066666666667,0.003739393229976628,0.6854,0.6946888888888889
vit_baseline,ViT Baseline,12,5,0.701591111111111,0.003961219415692519,0.6962222222222222,0.7068888888888889
vit_baseline,ViT Baseline,13,5,0.7126088888888888,0.005546272243811073,0.7046666666666667,0.7186666666666667
vit_baseline,ViT Baseline,14,5,0.7231777777777777,0.0051188588620299765,0.7154888888888888,0.7297111111111111
vit_baseline,ViT Baseline,15,5,0.7318711111111111,0.004903246593889981,0.7250444444444445,0.7382888888888889
vit_baseline,ViT Baseline,16,5,0.7408044444444445,0.004963133219854625,0.7326,0.7458666666666667
vit_baseline,ViT Baseline,17,5,0.74884,0.003994483850833302,0.7419111111111111,0.7514
vit_baseline,ViT Baseline,18,5,0.7555244444444444,0.005621796206960248,0.747,0.7618444444444444
vit_baseline,ViT Baseline,19,5,0.7630222222222223,0.006123643714789374,0.7541111111111111,0.7706666666666667
vit_baseline,ViT Baseline,20,5,0.7703244444444445,0.005254077781431621,0.7624888888888889,0.7753777777777778
vit_baseline,ViT Baseline,21,5,0.7765244444444445,0.005508839137420428,0.7674222222222222,0.7820888888888888
vit_baseline,ViT Baseline,22,5,0.7839688888888889,0.005961079527719999,0.7752888888888889,0.7913555555555556
vit_baseline,ViT Baseline,23,5,0.7894,0.005550442091167817,0.7821111111111111,0.7976
vit_baseline,ViT Baseline,24,5,0.7938933333333333,0.005211748361889147,0.7848,0.7980666666666667
vit_baseline,ViT Baseline,25,5,0.8010888888888889,0.0040845387487602105,0.7943777777777777,0.8052666666666667
vit_baseline,ViT Baseline,26,5,0.80716,0.0070071815013307845,0.7959333333333334,0.8130222222222222
vit_baseline,ViT Baseline,27,5,0.8111022222222222,0.004567426268266309,0.8034222222222223,0.8156444444444444
vit_baseline,ViT Baseline,28,5,0.8176577777777778,0.00411377091135509,0.8108,0.8215333333333333
vit_baseline,ViT Baseline,29,5,0.8232888888888888,0.00472202613971985,0.8153111111111111,0.8278
vit_baseline,ViT Baseline,30,5,0.8274177777777778,0.005021076565493048,0.8199333333333333,0.8336222222222223
vit_baseline,ViT Baseline,31,5,0.8337066666666667,0.006225483272430243,0.8237333333333333,0.8389555555555556
vit_baseline,ViT Baseline,32,5,0.8377422222222222,0.006028688615258976,0.8282444444444444,0.8450444444444445
vit_baseline,ViT Baseline,33,5,0.8425733333333334,0.006787759498711319,0.8311111111111111,0.8489777777777778
vit_baseline,ViT Baseline,34,5,0.8469155555555555,0.005441731750504093,0.8375555555555556,0.8506888888888889
vit_baseline,ViT Baseline,35,5,0.8502355555555555,0.005156144602364604,0.8420222222222222,0.8563333333333333
vit_baseline,ViT Baseline,36,5,0.8544311111111111,0.003909109336213185,0.8479555555555556,0.858
vit_baseline,ViT Baseline,37,5,0.8658444444444444,0.013368721556281394,0.8520666666666666,0.8876222222222222
vit_baseline,ViT Baseline,38,5,0.8697244444444444,0.01652884198254527,0.8548444444444444,0.8977777777777778
vit_baseline,ViT Baseline,39,5,0.8749511111111111,0.016076348704053455,0.8585333333333334,0.9017333333333334
vit_baseline,ViT Baseline,40,5,0.8786177777777778,0.0139652248880152,0.8654444444444445,0.9024
vit_baseline,ViT Baseline,41,5,0.88232,0.014950078244148872,0.8672666666666666,0.9067777777777778
vit_baseline,ViT Baseline,42,5,0.8863244444444445,0.013714402630307048,0.8725111111111111,0.9092
vit_baseline,ViT Baseline,43,5,0.8894933333333334,0.014840080862313384,0.8745111111111111,0.9142666666666667
vit_baseline,ViT Baseline,44,5,0.8975511111111112,0.019349465810727006,0.8786,0.9212
vit_baseline,ViT Baseline,45,5,0.9032888888888889,0.020659305738098904,0.8810666666666667,0.9293777777777777
vit_baseline,ViT Baseline,46,5,0.9056444444444445,0.01974531042933025,0.8858222222222222,0.9313555555555556
vit_baseline,ViT Baseline,47,5,0.9130977777777778,0.023473934059865493,0.8901111111111111,0.9415777777777777
vit_baseline,ViT Baseline,48,5,0.9157066666666667,0.023717787251317613,0.8939333333333334,0.9457333333333333
vit_baseline,ViT Baseline,49,5,0.9239733333333333,0.023150316105886515,0.8939333333333334,0.9472444444444444
vit_baseline,ViT Baseline,50,5,0.9328622222222223,0.01939621574393278,0.8989555555555555,0.9469333333333333
vit_baseline,ViT Baseline,51,4,0.9372888888888888,0.023111445866521453,0.9037111111111111,0.9565777777777777
vit_baseline,ViT Baseline,52,4,0.9384166666666667,0.02478767365914153,0.9030666666666667,0.9610444444444445
vit_baseline,ViT Baseline,53,4,0.9415333333333333,0.024880838645175173,0.9062666666666667,0.9647777777777777
vit_baseline,ViT Baseline,54,4,0.9504777777777778,0.011054976720376492,0.9382222222222222,0.9650888888888889
vit_baseline,ViT Baseline,55,3,0.9477259259259259,0.0032497166701443377,0.9441555555555555,0.9505111111111111
vit_baseline,ViT Baseline,56,3,0.9558148148148148,0.008409939250036235,0.9488444444444445,0.9651555555555555
vit_baseline,ViT Baseline,57,3,0.9579037037037037,0.011979413067782583,0.9493777777777778,0.9716
vit_baseline,ViT Baseline,58,3,0.962911111111111,0.012346679465636085,0.9488222222222222,0.9718444444444444
vit_baseline,ViT Baseline,59,3,0.9652148148148149,0.012179203755386734,0.9511777777777778,0.9729777777777778
vit_baseline,ViT Baseline,60,3,0.9665703703703703,0.012008069988802007,0.9527111111111111,0.9738666666666667
vit_baseline,ViT Baseline,61,3,0.9719925925925926,0.002939079668945951,0.9686222222222223,0.9740222222222222
vit_baseline,ViT Baseline,62,3,0.9736888888888889,0.0012438490639250482,0.9722888888888889,0.9746666666666667
vit_baseline,ViT Baseline,63,3,0.9746962962962963,0.001556877744961759,0.9729555555555556,0.9759555555555556
vit_baseline,ViT Baseline,64,3,0.9757703703703704,0.0004778208421591191,0.9752444444444445,0.9761777777777778
vit_baseline,ViT Baseline,65,3,0.9749777777777777,0.0012858201014657124,0.9735111111111111,0.9759111111111111
vit_baseline,ViT Baseline,66,3,0.9770222222222222,0.0012116716337969317,0.9756666666666667,0.978
vit_baseline,ViT Baseline,67,2,0.9765555555555556,0.0010999438818458027,0.9757777777777777,0.9773333333333334
vit_baseline,ViT Baseline,68,2,0.9773000000000001,0.0004871180048173719,0.9769555555555556,0.9776444444444444
vit_baseline,ViT Baseline,69,2,0.9777333333333333,0.0016342023387422725,0.9765777777777778,0.9788888888888889
vit_baseline,ViT Baseline,70,2,0.9813555555555555,0.0024827304761661146,0.9796,0.9831111111111112
vit_baseline,ViT Baseline,71,2,0.9844333333333333,7.85674201318038e-05,0.9843777777777778,0.9844888888888889
vit_baseline,ViT Baseline,72,2,0.9859666666666667,0.0015870618866631746,0.9848444444444444,0.9870888888888889
vit_baseline,ViT Baseline,73,2,0.9862666666666666,0.0004085505846855681,0.9859777777777777,0.9865555555555555
vit_baseline,ViT Baseline,74,2,0.9862555555555556,0.0006128258770282737,0.9858222222222223,0.9866888888888888
vit_baseline,ViT Baseline,75,1,0.9868,0.0,0.9868,0.9868
vit_baseline,ViT Baseline,76,1,0.9864888888888889,0.0,0.9864888888888889,0.9864888888888889
vit_baseline,ViT Baseline,77,1,0.9870666666666666,0.0,0.9870666666666666,0.9870666666666666
vit_baseline,ViT Baseline,78,1,0.9876888888888888,0.0,0.9876888888888888,0.9876888888888888
vit_baseline,ViT Baseline,79,1,0.9872666666666666,0.0,0.9872666666666666,0.9872666666666666
vit_baseline,ViT Baseline,80,1,0.9880888888888889,0.0,0.9880888888888889,0.9880888888888889
vit_baseline,ViT Baseline,81,1,0.9881333333333333,0.0,0.9881333333333333,0.9881333333333333
vit_baseline,ViT Baseline,82,1,0.9908222222222223,0.0,0.9908222222222223,0.9908222222222223
vit_baseline,ViT Baseline,83,1,0.9908,0.0,0.9908,0.9908
vit_baseline,ViT Baseline,84,1,0.9904666666666667,0.0,0.9904666666666667,0.9904666666666667
vit_baseline,ViT Baseline,85,1,0.9915333333333334,0.0,0.9915333333333334,0.9915333333333334
vit_row_sinusoidal,vit_row_sinusoidal,1,5,0.3506711111111111,0.005468143431969623,0.3441777777777778,0.3559777777777778
vit_row_sinusoidal,vit_row_sinusoidal,2,5,0.4756311111111111,0.005209502239201627,0.47104444444444443,0.48377777777777775
vit_row_sinusoidal,vit_row_sinusoidal,3,5,0.5282133333333333,0.004038903408196405,0.5247333333333334,0.5350222222222222
vit_row_sinusoidal,vit_row_sinusoidal,4,5,0.5594399999999999,0.00501999458954015,0.5526666666666666,0.5660888888888889
vit_row_sinusoidal,vit_row_sinusoidal,5,5,0.5835555555555556,0.004902229273692913,0.5790888888888889,0.5895333333333334
vit_row_sinusoidal,vit_row_sinusoidal,6,5,0.6012222222222222,0.005124186174468839,0.5943555555555555,0.6067555555555556
vit_row_sinusoidal,vit_row_sinusoidal,7,5,0.6181422222222223,0.0028955734628933996,0.6142,0.6216
vit_row_sinusoidal,vit_row_sinusoidal,8,5,0.6347644444444445,0.004393249591738295,0.6293555555555556,0.639
vit_row_sinusoidal,vit_row_sinusoidal,9,5,0.6485911111111111,0.0061532807669998964,0.6413555555555556,0.6544666666666666
vit_row_sinusoidal,vit_row_sinusoidal,10,5,0.6605511111111111,0.005803051559947334,0.6518,0.6663111111111111
vit_row_sinusoidal,vit_row_sinusoidal,11,5,0.6727155555555555,0.005492428008822582,0.6654,0.6778
vit_row_sinusoidal,vit_row_sinusoidal,12,5,0.6825955555555555,0.0051642981428885485,0.6745333333333333,0.6881111111111111
vit_row_sinusoidal,vit_row_sinusoidal,13,5,0.6927955555555556,0.006489334079096516,0.6852444444444444,0.7018
vit_row_sinusoidal,vit_row_sinusoidal,14,5,0.7030044444444444,0.005772805552815484,0.6948888888888889,0.7106666666666667
vit_row_sinusoidal,vit_row_sinusoidal,15,5,0.7107022222222222,0.00423109010265562,0.7058,0.7174
vit_row_sinusoidal,vit_row_sinusoidal,16,5,0.7200755555555556,0.0054341081019977314,0.7138666666666666,0.7276222222222222
vit_row_sinusoidal,vit_row_sinusoidal,17,5,0.7285155555555556,0.005414416056655427,0.7213111111111111,0.7364
vit_row_sinusoidal,vit_row_sinusoidal,18,5,0.7365777777777778,0.005711521818349398,0.7273333333333334,0.7430666666666667
vit_row_sinusoidal,vit_row_sinusoidal,19,5,0.7433866666666666,0.006378795892410822,0.7352666666666666,0.7524888888888889
vit_row_sinusoidal,vit_row_sinusoidal,20,5,0.7487155555555556,0.006507932481609279,0.7411555555555556,0.7587111111111111
vit_row_sinusoidal,vit_row_sinusoidal,21,5,0.7562088888888889,0.005244058366203441,0.7483555555555556,0.7628
vit_row_sinusoidal,vit_row_sinusoidal,22,5,0.7647288888888889,0.006500339972115821,0.7575333333333333,0.7751333333333333
vit_row_sinusoidal,vit_row_sinusoidal,23,5,0.7704177777777778,0.005327830494467505,0.7648444444444444,0.7789333333333334
vit_row_sinusoidal,vit_row_sinusoidal,24,5,0.7759955555555555,0.0043056781344558105,0.7723111111111111,0.7833333333333333
vit_row_sinusoidal,vit_row_sinusoidal,25,5,0.7827688888888888,0.004459851074300392,0.7762666666666667,0.7887777777777778
vit_row_sinusoidal,vit_row_sinusoidal,26,5,0.78848,0.005979855070707547,0.7824,0.7984
vit_row_sinusoidal,vit_row_sinusoidal,27,5,0.7943733333333334,0.0069979785441014455,0.7864444444444444,0.8056444444444445
vit_row_sinusoidal,vit_row_sinusoidal,28,5,0.8011333333333334,0.005084471639398888,0.7945777777777778,0.8086666666666666
vit_row_sinusoidal,vit_row_sinusoidal,29,5,0.8057466666666666,0.00602825855737527,0.7978888888888889,0.8148444444444445
vit_row_sinusoidal,vit_row_sinusoidal,30,5,0.8117511111111111,0.006992789937579354,0.8032222222222222,0.8227111111111111
vit_row_sinusoidal,vit_row_sinusoidal,31,5,0.8170177777777777,0.006089444419102061,0.8105111111111111,0.8269333333333333
vit_row_sinusoidal,vit_row_sinusoidal,32,5,0.8222266666666667,0.005996241621236321,0.8152666666666667,0.8318
vit_row_sinusoidal,vit_row_sinusoidal,33,5,0.8281911111111111,0.004637171338724863,0.8222444444444444,0.8351555555555555
vit_row_sinusoidal,vit_row_sinusoidal,34,5,0.8337911111111111,0.007867711794981365,0.8255111111111111,0.8468
vit_row_sinusoidal,vit_row_sinusoidal,35,5,0.8427511111111111,0.01118776227363441,0.8349555555555556,0.8603555555555555
vit_row_sinusoidal,vit_row_sinusoidal,36,5,0.8501866666666666,0.012067429891966658,0.8418666666666667,0.8696888888888888
vit_row_sinusoidal,vit_row_sinusoidal,37,5,0.8539911111111111,0.012369762016533645,0.8445333333333334,0.8746222222222222
vit_row_sinusoidal,vit_row_sinusoidal,38,5,0.8589466666666666,0.011672978186953257,0.8488666666666667,0.8785777777777778
vit_row_sinusoidal,vit_row_sinusoidal,39,5,0.8636133333333333,0.01140527926276813,0.8547333333333333,0.8816444444444445
vit_row_sinusoidal,vit_row_sinusoidal,40,5,0.8734177777777777,0.019201327114628353,0.8591111111111112,0.9008888888888889
vit_row_sinusoidal,vit_row_sinusoidal,41,5,0.8798222222222222,0.021354936977976146,0.8650444444444444,0.9124444444444444
vit_row_sinusoidal,vit_row_sinusoidal,42,5,0.8847066666666666,0.021673112431516043,0.8688444444444444,0.9180888888888888
vit_row_sinusoidal,vit_row_sinusoidal,43,5,0.8969822222222222,0.022513652373834764,0.8720888888888889,0.9201555555555555
vit_row_sinusoidal,vit_row_sinusoidal,44,5,0.9018933333333333,0.023940891203230872,0.8750888888888889,0.9230444444444444
vit_row_sinusoidal,vit_row_sinusoidal,45,5,0.9057111111111111,0.022390231556100593,0.8812,0.9264444444444444
vit_row_sinusoidal,vit_row_sinusoidal,46,5,0.9148355555555556,0.018478500019291674,0.8833111111111112,0.9283777777777777
vit_row_sinusoidal,vit_row_sinusoidal,47,4,0.9178888888888889,0.018578167637234872,0.8907777777777778,0.9303777777777777
vit_row_sinusoidal,vit_row_sinusoidal,48,4,0.9241722222222222,0.023176654743575036,0.8927333333333334,0.9485111111111111
vit_row_sinusoidal,vit_row_sinusoidal,49,4,0.9282055555555556,0.025158522106194972,0.8950222222222223,0.9562
vit_row_sinusoidal,vit_row_sinusoidal,50,4,0.9292888888888888,0.023109608213242122,0.8989777777777778,0.9552444444444445
vit_row_sinusoidal,vit_row_sinusoidal,51,4,0.9402166666666667,0.012190630889395392,0.9330888888888889,0.9584222222222222
vit_row_sinusoidal,vit_row_sinusoidal,52,4,0.9474111111111111,0.010488833960935924,0.9363111111111111,0.9592666666666667
vit_row_sinusoidal,vit_row_sinusoidal,53,4,0.9500555555555555,0.010577972298242573,0.9399333333333333,0.9616
vit_row_sinusoidal,vit_row_sinusoidal,54,4,0.9512888888888889,0.009660747442732529,0.9419777777777778,0.9619333333333333
vit_row_sinusoidal,vit_row_sinusoidal,55,4,0.9530611111111111,0.010223854539560475,0.9428666666666666,0.9638222222222222
vit_row_sinusoidal,vit_row_sinusoidal,56,3,0.9530814814814815,0.008361709711560854,0.9468222222222222,0.9625777777777778
vit_row_sinusoidal,vit_row_sinusoidal,57,3,0.958362962962963,0.008559460388360808,0.9486,0.9645777777777778
vit_row_sinusoidal,vit_row_sinusoidal,58,3,0.9642888888888889,0.012452001673586954,0.9501555555555555,0.9736444444444444
vit_row_sinusoidal,vit_row_sinusoidal,59,3,0.9701185185185185,0.0052137204238850215,0.9668888888888889,0.9761333333333333
vit_row_sinusoidal,vit_row_sinusoidal,60,3,0.9723703703703704,0.0038415746085753827,0.9693333333333334,0.9766888888888889
vit_row_sinusoidal,vit_row_sinusoidal,61,2,0.9749333333333333,0.005154022760648621,0.9712888888888889,0.9785777777777778
vit_row_sinusoidal,vit_row_sinusoidal,62,1,0.9734666666666667,0.0,0.9734666666666667,0.9734666666666667
vit_row_sinusoidal,vit_row_sinusoidal,63,1,0.9747555555555556,0.0,0.9747555555555556,0.9747555555555556
vit_row_sinusoidal,vit_row_sinusoidal,64,1,0.9734,0.0,0.9734,0.9734
vit_row_sinusoidal,vit_row_sinusoidal,65,1,0.9756888888888889,0.0,0.9756888888888889,0.9756888888888889
vit_row_sinusoidal,vit_row_sinusoidal,66,1,0.9827777777777778,0.0,0.9827777777777778,0.9827777777777778
vit_row_sinusoidal,vit_row_sinusoidal,67,1,0.9839555555555556,0.0,0.9839555555555556,0.9839555555555556
vit_row_sinusoidal,vit_row_sinusoidal,68,1,0.9831777777777778,0.0,0.9831777777777778,0.9831777777777778
vit_row_sinusoidal,vit_row_sinusoidal,69,1,0.9842222222222222,0.0,0.9842222222222222,0.9842222222222222
vit_row_sinusoidal,vit_row_sinusoidal,70,1,0.9836888888888888,0.0,0.9836888888888888,0.9836888888888888
vit_row_sinusoidal,vit_row_sinusoidal,71,1,0.9858222222222223,0.0,0.9858222222222223,0.9858222222222223
vit_row_sinusoidal,vit_row_sinusoidal,72,1,0.9866666666666667,0.0,0.9866666666666667,0.9866666666666667
vit_row_sinusoidal,vit_row_sinusoidal,73,1,0.9863777777777778,0.0,0.9863777777777778,0.9863777777777778
vit_row_sinusoidal,vit_row_sinusoidal,74,1,0.9862444444444445,0.0,0.9862444444444445,0.9862444444444445
vit_row_sinusoidal,vit_row_sinusoidal,75,1,0.987,0.0,0.987,0.987
vit_row_sinusoidal,vit_row_sinusoidal,76,1,0.9875333333333334,0.0,0.9875333333333334,0.9875333333333334
vit_row_sinusoidal,vit_row_sinusoidal,77,1,0.9893333333333333,0.0,0.9893333333333333,0.9893333333333333
vit_col_sinusoidal,vit_col_sinusoidal,1,5,0.3192,0.0055651472754573985,0.31304444444444446,0.3254888888888889
vit_col_sinusoidal,vit_col_sinusoidal,2,5,0.44572,0.004010283078583146,0.4418,0.45137777777777777
vit_col_sinusoidal,vit_col_sinusoidal,3,5,0.50528,0.0032930379234731087,0.5009777777777777,0.5096888888888889
vit_col_sinusoidal,vit_col_sinusoidal,4,5,0.5354666666666666,0.0028821288428289705,0.5320666666666667,0.5399777777777778
vit_col_sinusoidal,vit_col_sinusoidal,5,5,0.5583066666666667,0.004112504268450634,0.5521333333333334,0.562
vit_col_sinusoidal,vit_col_sinusoidal,6,5,0.5782444444444444,0.003572632601276508,0.5745111111111111,0.5824222222222222
vit_col_sinusoidal,vit_col_sinusoidal,7,5,0.5918177777777778,0.0025326704785830828,0.5892444444444445,0.5952
vit_col_sinusoidal,vit_col_sinusoidal,8,5,0.6083866666666666,0.0029524461505004633,0.6046222222222222,0.6117333333333334
vit_col_sinusoidal,vit_col_sinusoidal,9,5,0.6196088888888889,0.002046412096606106,0.6179333333333333,0.6230666666666667
vit_col_sinusoidal,vit_col_sinusoidal,10,5,0.6319911111111112,0.0023327830038839545,0.6300222222222223,0.6358444444444444
vit_col_sinusoidal,vit_col_sinusoidal,11,5,0.6427422222222222,0.00243516420213464,0.6404222222222222,0.6456444444444445
vit_col_sinusoidal,vit_col_sinusoidal,12,5,0.6502133333333333,0.004899926933191667,0.6436222222222222,0.6560222222222222
vit_col_sinusoidal,vit_col_sinusoidal,13,5,0.6600933333333333,0.0040701078336793295,0.6557333333333333,0.6666
vit_col_sinusoidal,vit_col_sinusoidal,14,5,0.6704577777777778,0.00341299622177883,0.6662888888888889,0.6752888888888889
vit_col_sinusoidal,vit_col_sinusoidal,15,5,0.6786755555555556,0.004122644482715466,0.6742222222222222,0.6837333333333333
vit_col_sinusoidal,vit_col_sinusoidal,16,5,0.6840133333333334,0.0034010383309211766,0.6788666666666666,0.6880888888888889
vit_col_sinusoidal,vit_col_sinusoidal,17,5,0.6934844444444445,0.003612987546663497,0.6904222222222223,0.6983555555555555
vit_col_sinusoidal,vit_col_sinusoidal,18,5,0.7004666666666667,0.0031351058816073553,0.6973777777777778,0.7039777777777778
vit_col_sinusoidal,vit_col_sinusoidal,19,5,0.7057866666666667,0.004656512762906488,0.7009111111111112,0.7113111111111111
vit_col_sinusoidal,vit_col_sinusoidal,20,5,0.7126577777777778,0.0044958307160257345,0.7087555555555556,0.7194666666666667
vit_col_sinusoidal,vit_col_sinusoidal,21,5,0.7192311111111112,0.00408890700479082,0.7134222222222222,0.7234
vit_col_sinusoidal,vit_col_sinusoidal,22,5,0.7260088888888889,0.005113178325913616,0.7203111111111111,0.7319555555555556
vit_col_sinusoidal,vit_col_sinusoidal,23,5,0.7321733333333333,0.00418826697416886,0.7285111111111111,0.7376444444444444
vit_col_sinusoidal,vit_col_sinusoidal,24,5,0.7360222222222222,0.0038358606805375486,0.7310666666666666,0.7408222222222223
vit_col_sinusoidal,vit_col_sinusoidal,25,5,0.7415644444444445,0.005858045011607944,0.7350888888888889,0.7495111111111111
vit_col_sinusoidal,vit_col_sinusoidal,26,5,0.7475733333333333,0.004771142679603659,0.7423111111111111,0.7537555555555555
vit_col_sinusoidal,vit_col_sinusoidal,27,5,0.75348,0.0041731830525539105,0.7482444444444445,0.7578888888888888
vit_col_sinusoidal,vit_col_sinusoidal,28,5,0.7591777777777777,0.004761652374263954,0.7549777777777777,0.7654444444444445
vit_col_sinusoidal,vit_col_sinusoidal,29,5,0.763328888888889,0.005402409156233713,0.7583777777777778,0.7691555555555556
vit_col_sinusoidal,vit_col_sinusoidal,30,5,0.768,0.0053858754461078625,0.7625777777777778,0.7754666666666666
vit_col_sinusoidal,vit_col_sinusoidal,31,5,0.77264,0.005471664382170296,0.7686666666666667,0.7816222222222222
vit_col_sinusoidal,vit_col_sinusoidal,32,5,0.7772088888888888,0.004928065255299894,0.7719555555555555,0.7843333333333333
vit_col_sinusoidal,vit_col_sinusoidal,33,5,0.7820888888888888,0.004761341236497368,0.7783111111111111,0.7891111111111111
vit_col_sinusoidal,vit_col_sinusoidal,34,5,0.78796,0.00655416934496425,0.7819333333333334,0.7976888888888889
vit_col_sinusoidal,vit_col_sinusoidal,35,5,0.7911288888888889,0.005683013459011741,0.7857777777777778,0.7990888888888888
vit_col_sinusoidal,vit_col_sinusoidal,36,5,0.8009555555555555,0.01058778704772161,0.7915555555555556,0.8172
vit_col_sinusoidal,vit_col_sinusoidal,37,5,0.8057644444444444,0.013006604210416316,0.7929333333333334,0.8260888888888889
vit_col_sinusoidal,vit_col_sinusoidal,38,5,0.8098711111111111,0.011944949860107986,0.7990888888888888,0.8285111111111111
vit_col_sinusoidal,vit_col_sinusoidal,39,5,0.8157599999999999,0.012443644815579415,0.8045777777777777,0.836
vit_col_sinusoidal,vit_col_sinusoidal,40,5,0.8255955555555555,0.018898803933674123,0.8098,0.8518444444444444
vit_col_sinusoidal,vit_col_sinusoidal,41,5,0.8291422222222222,0.02013771475504497,0.8124222222222223,0.8588888888888889
vit_col_sinusoidal,vit_col_sinusoidal,42,5,0.8342577777777778,0.020139982958787397,0.8172,0.8630666666666666
vit_col_sinusoidal,vit_col_sinusoidal,43,5,0.8439333333333333,0.02195442529704337,0.8207111111111111,0.8678
vit_col_sinusoidal,vit_col_sinusoidal,44,5,0.8499022222222222,0.020961031451390267,0.8271111111111111,0.8709111111111111
vit_col_sinusoidal,vit_col_sinusoidal,45,5,0.8575511111111112,0.016707102060478908,0.8318444444444445,0.8738444444444444
vit_col_sinusoidal,vit_col_sinusoidal,46,5,0.8661111111111112,0.019320097640527212,0.8329111111111112,0.8784222222222222
vit_col_sinusoidal,vit_col_sinusoidal,47,5,0.8693777777777778,0.017870922655062054,0.8388666666666666,0.8829111111111111
vit_col_sinusoidal,vit_col_sinusoidal,48,5,0.87324,0.01986084553046986,0.8390444444444445,0.8886444444444445
vit_col_sinusoidal,vit_col_sinusoidal,49,5,0.8756088888888889,0.019461932453248672,0.8423333333333334,0.8896222222222222
vit_col_sinusoidal,vit_col_sinusoidal,50,5,0.8788844444444445,0.018561931040455275,0.8469555555555556,0.8927111111111111
vit_col_sinusoidal,vit_col_sinusoidal,51,4,0.8806833333333334,0.019304357809900727,0.8525111111111111,0.8948
vit_col_sinusoidal,vit_col_sinusoidal,52,4,0.8821833333333333,0.019417504088336802,0.8538444444444444,0.8966
vit_col_sinusoidal,vit_col_sinusoidal,53,4,0.8855555555555555,0.018119738912898392,0.8588888888888889,0.8973111111111111
vit_col_sinusoidal,vit_col_sinusoidal,54,4,0.8880944444444444,0.018113282078472712,0.8618666666666667,0.9012
vit_col_sinusoidal,vit_col_sinusoidal,55,4,0.8969611111111111,0.02448228300363262,0.8633111111111111,0.9169333333333334
vit_col_sinusoidal,vit_col_sinusoidal,56,4,0.9008388888888889,0.02405513813682834,0.8692666666666666,0.9233777777777777
vit_col_sinusoidal,vit_col_sinusoidal,57,4,0.9046,0.023397850838662786,0.8747777777777778,0.9289555555555555
vit_col_sinusoidal,vit_col_sinusoidal,58,4,0.9117944444444444,0.012202534648664264,0.9003111111111111,0.9274444444444444
vit_col_sinusoidal,vit_col_sinusoidal,59,2,0.9076111111111111,0.009003826347108734,0.9012444444444444,0.9139777777777778
vit_col_sinusoidal,vit_col_sinusoidal,60,2,0.9112222222222222,0.010873730946246496,0.9035333333333333,0.9189111111111111
vit_col_sinusoidal,vit_col_sinusoidal,61,2,0.9220777777777778,0.0030012754490362707,0.9199555555555555,0.9242
vit_col_sinusoidal,vit_col_sinusoidal,62,2,0.9266222222222222,0.004651191271804857,0.9233333333333333,0.9299111111111111
vit_col_sinusoidal,vit_col_sinusoidal,63,2,0.9265888888888889,0.005201163212727719,0.9229111111111111,0.9302666666666667
vit_col_sinusoidal,vit_col_sinusoidal,64,2,0.9307555555555556,0.00760532626876203,0.9253777777777777,0.9361333333333334
vit_col_sinusoidal,vit_col_sinusoidal,65,1,0.9282222222222222,0.0,0.9282222222222222,0.9282222222222222
vit_col_sinusoidal,vit_col_sinusoidal,66,1,0.9445555555555556,0.0,0.9445555555555556,0.9445555555555556
vit_col_sinusoidal,vit_col_sinusoidal,67,1,0.9509777777777778,0.0,0.9509777777777778,0.9509777777777778
vit_col_sinusoidal,vit_col_sinusoidal,68,1,0.9531111111111111,0.0,0.9531111111111111,0.9531111111111111
vit_col_sinusoidal,vit_col_sinusoidal,69,1,0.9526,0.0,0.9526,0.9526
vit_additive_sinusoidal,vit_additive_sinusoidal,1,5,0.31912,0.0035619248506917325,0.31353333333333333,0.32295555555555555
vit_additive_sinusoidal,vit_additive_sinusoidal,2,5,0.4543422222222222,0.003002163828694395,0.4508,0.45744444444444443
vit_additive_sinusoidal,vit_additive_sinusoidal,3,5,0.5079733333333334,0.004021313586747835,0.5030888888888889,0.5138888888888888
vit_additive_sinusoidal,vit_additive_sinusoidal,4,5,0.5408355555555555,0.003063831217347816,0.5366888888888889,0.5442444444444444
vit_additive_sinusoidal,vit_additive_sinusoidal,5,5,0.5631644444444445,0.0033412720280504055,0.5590444444444445,0.5661777777777778
vit_additive_sinusoidal,vit_additive_sinusoidal,6,5,0.5803911111111111,0.004151441814093321,0.5744666666666667,0.5852444444444445
vit_additive_sinusoidal,vit_additive_sinusoidal,7,5,0.5967111111111111,0.0026029423047726824,0.5928,0.5992888888888889
vit_additive_sinusoidal,vit_additive_sinusoidal,8,5,0.6108266666666666,0.003976424350755796,0.6055333333333334,0.6160444444444444
vit_additive_sinusoidal,vit_additive_sinusoidal,9,5,0.6250355555555556,0.0037512993633646583,0.6211333333333333,0.6293333333333333
vit_additive_sinusoidal,vit_additive_sinusoidal,10,5,0.6348933333333333,0.004111753703533157,0.6317555555555555,0.6403555555555556
vit_additive_sinusoidal,vit_additive_sinusoidal,11,5,0.6462355555555556,0.0034920226548838646,0.6412,0.6508222222222222
vit_additive_sinusoidal,vit_additive_sinusoidal,12,5,0.65428,0.003856967400803912,0.6490888888888889,0.6595555555555556
vit_additive_sinusoidal,vit_additive_sinusoidal,13,5,0.6658177777777778,0.005290741972283655,0.6591777777777778,0.6735333333333333
vit_additive_sinusoidal,vit_additive_sinusoidal,14,5,0.6743511111111111,0.005286143078083988,0.6679555555555555,0.6800888888888889
vit_additive_sinusoidal,vit_additive_sinusoidal,15,5,0.6828044444444444,0.005396144027949082,0.6762666666666667,0.6911333333333334
vit_additive_sinusoidal,vit_additive_sinusoidal,16,5,0.6880977777777778,0.005209739217662348,0.6816888888888889,0.694
vit_additive_sinusoidal,vit_additive_sinusoidal,17,5,0.6978266666666667,0.0038487580167639785,0.6924444444444444,0.7028888888888889
vit_additive_sinusoidal,vit_additive_sinusoidal,18,5,0.7042355555555555,0.005675518141354071,0.6964,0.711
vit_additive_sinusoidal,vit_additive_sinusoidal,19,5,0.7111644444444445,0.006253050613525223,0.7066222222222223,0.7208444444444444
vit_additive_sinusoidal,vit_additive_sinusoidal,20,5,0.71672,0.00564194170236095,0.7110888888888889,0.7234444444444444
vit_additive_sinusoidal,vit_additive_sinusoidal,21,5,0.7225733333333333,0.005528788852256824,0.7177333333333333,0.7315555555555555
vit_additive_sinusoidal,vit_additive_sinusoidal,22,5,0.7299111111111111,0.007359834270812592,0.7232888888888889,0.7386
vit_additive_sinusoidal,vit_additive_sinusoidal,23,5,0.7346488888888889,0.005313421161967572,0.7285555555555555,0.7419555555555556
vit_additive_sinusoidal,vit_additive_sinusoidal,24,5,0.7412533333333333,0.00648098072139634,0.7348222222222223,0.7505333333333334
vit_additive_sinusoidal,vit_additive_sinusoidal,25,5,0.7463688888888889,0.006404851556186939,0.7393333333333333,0.7549333333333333
vit_additive_sinusoidal,vit_additive_sinusoidal,26,5,0.7509955555555555,0.006507458209291814,0.7430444444444444,0.7585111111111111
vit_additive_sinusoidal,vit_additive_sinusoidal,27,5,0.7557422222222222,0.0077814055031812,0.7490444444444444,0.7656444444444445
vit_additive_sinusoidal,vit_additive_sinusoidal,28,5,0.7615733333333333,0.006400181324591859,0.7550222222222223,0.7691333333333333
vit_additive_sinusoidal,vit_additive_sinusoidal,29,5,0.7662844444444444,0.006633554807395207,0.7591333333333333,0.7754222222222222
vit_additive_sinusoidal,vit_additive_sinusoidal,30,5,0.7709866666666667,0.0067572110544637945,0.7657777777777778,0.7793333333333333
vit_additive_sinusoidal,vit_additive_sinusoidal,31,5,0.7752933333333333,0.008337886163711528,0.7673555555555556,0.7849111111111111
vit_additive_sinusoidal,vit_additive_sinusoidal,32,5,0.7797333333333334,0.007979526270786574,0.7735111111111111,0.7915111111111112
vit_additive_sinusoidal,vit_additive_sinusoidal,33,5,0.7837244444444444,0.007839746783514708,0.7772888888888889,0.7934444444444444
vit_additive_sinusoidal,vit_additive_sinusoidal,34,5,0.7886044444444444,0.00818243225030701,0.7818444444444445,0.7979555555555555
vit_additive_sinusoidal,vit_additive_sinusoidal,35,5,0.7920933333333333,0.006989328726664863,0.7866444444444445,0.8004888888888889
vit_additive_sinusoidal,vit_additive_sinusoidal,36,5,0.7962133333333333,0.006571855442005501,0.7901333333333334,0.8044222222222223
vit_additive_sinusoidal,vit_additive_sinusoidal,37,5,0.7995866666666667,0.005721361316036786,0.7946666666666666,0.8069111111111111
vit_additive_sinusoidal,vit_additive_sinusoidal,38,5,0.8032488888888889,0.005471641819192023,0.7976,0.8093777777777778
vit_additive_sinusoidal,vit_additive_sinusoidal,39,5,0.8080177777777777,0.007011426300363754,0.8015111111111111,0.8161777777777778
vit_additive_sinusoidal,vit_additive_sinusoidal,40,5,0.81164,0.007012588328265702,0.8047555555555556,0.8207555555555556
vit_additive_sinusoidal,vit_additive_sinusoidal,41,5,0.8151111111111111,0.007537969730260345,0.8075111111111111,0.8250444444444445
vit_additive_sinusoidal,vit_additive_sinusoidal,42,5,0.8186577777777778,0.006907637569395441,0.8114222222222223,0.8262
vit_additive_sinusoidal,vit_additive_sinusoidal,43,5,0.8221777777777778,0.005570513197538501,0.8160222222222222,0.8284222222222222
vit_additive_sinusoidal,vit_additive_sinusoidal,44,5,0.8304533333333334,0.01604132471978024,0.8194666666666667,0.8577333333333333
vit_additive_sinusoidal,vit_additive_sinusoidal,45,5,0.8352088888888889,0.016149506738635546,0.8227111111111111,0.8615777777777778
vit_additive_sinusoidal,vit_additive_sinusoidal,46,5,0.8373288888888889,0.016354531972801387,0.8256,0.8650666666666667
vit_additive_sinusoidal,vit_additive_sinusoidal,47,5,0.8423688888888888,0.018512008781755764,0.8280666666666666,0.8739111111111111
vit_additive_sinusoidal,vit_additive_sinusoidal,48,5,0.8451688888888889,0.017106713720670828,0.8335111111111111,0.8747777777777778
vit_additive_sinusoidal,vit_additive_sinusoidal,49,5,0.8477288888888889,0.016414833701018663,0.8372666666666667,0.8754666666666666
vit_additive_sinusoidal,vit_additive_sinusoidal,50,5,0.8511866666666666,0.017352244669256122,0.8394222222222222,0.8804666666666666
vit_additive_sinusoidal,vit_additive_sinusoidal,51,5,0.8614933333333333,0.026063315120332033,0.8417333333333333,0.8984666666666666
vit_additive_sinusoidal,vit_additive_sinusoidal,52,5,0.8660533333333333,0.026657654032538544,0.8467111111111111,0.9023111111111111
vit_additive_sinusoidal,vit_additive_sinusoidal,53,5,0.8685777777777778,0.02620870178743532,0.8494888888888888,0.9028888888888889
vit_additive_sinusoidal,vit_additive_sinusoidal,54,5,0.8826266666666667,0.020086992290018407,0.8531555555555556,0.9077555555555555
vit_additive_sinusoidal,vit_additive_sinusoidal,55,4,0.8817611111111111,0.01921060556711175,0.8535777777777778,0.8968
vit_additive_sinusoidal,vit_additive_sinusoidal,56,4,0.8852833333333333,0.019471878001923938,0.8567555555555556,0.9006666666666666
vit_additive_sinusoidal,vit_additive_sinusoidal,57,4,0.88785,0.01898848145543871,0.8597111111111111,0.901
vit_additive_sinusoidal,vit_additive_sinusoidal,58,4,0.8907499999999999,0.018593068091898073,0.8631555555555556,0.9034666666666666
vit_additive_sinusoidal,vit_additive_sinusoidal,59,4,0.8929333333333334,0.018153973365938172,0.8666666666666667,0.9079555555555555
vit_additive_sinusoidal,vit_additive_sinusoidal,60,4,0.8953722222222222,0.016884467013721476,0.8704444444444445,0.9078666666666667
vit_additive_sinusoidal,vit_additive_sinusoidal,61,4,0.9075333333333333,0.008211785167541832,0.8990888888888889,0.9181333333333334
vit_additive_sinusoidal,vit_additive_sinusoidal,62,4,0.9117777777777778,0.008386781682855742,0.9047111111111111,0.9233333333333333
vit_additive_sinusoidal,vit_additive_sinusoidal,63,4,0.9132888888888888,0.00786643648962271,0.9076222222222222,0.9246888888888889
vit_additive_sinusoidal,vit_additive_sinusoidal,64,4,0.9160111111111111,0.008502035582935314,0.9095555555555556,0.9282
vit_additive_sinusoidal,vit_additive_sinusoidal,65,3,0.9181777777777778,0.007596230384169685,0.9116888888888889,0.9265333333333333
vit_additive_sinusoidal,vit_additive_sinusoidal,66,3,0.9227555555555556,0.009263335399090813,0.9163555555555556,0.9333777777777778
vit_additive_sinusoidal,vit_additive_sinusoidal,67,2,0.9194444444444445,0.0019484720192695661,0.9180666666666667,0.9208222222222222
vit_additive_sinusoidal,vit_additive_sinusoidal,68,2,0.9184333333333333,0.0005185449728700777,0.9180666666666667,0.9188
vit_additive_sinusoidal,vit_additive_sinusoidal,69,2,0.9284111111111111,0.007621039752788343,0.9230222222222222,0.9338
vit_additive_sinusoidal,vit_additive_sinusoidal,70,2,0.9310222222222222,0.012130809668355906,0.9224444444444444,0.9396
vit_additive_sinusoidal,vit_additive_sinusoidal,71,1,0.9390888888888889,0.0,0.9390888888888889,0.9390888888888889
vit_additive_sinusoidal,vit_additive_sinusoidal,72,1,0.9434444444444444,0.0,0.9434444444444444,0.9434444444444444
vit_additive_sinusoidal,vit_additive_sinusoidal,73,1,0.9423333333333334,0.0,0.9423333333333334,0.9423333333333334
vit_additive_sinusoidal,vit_additive_sinusoidal,74,1,0.9444222222222223,0.0,0.9444222222222223,0.9444222222222223
vit_additive_sinusoidal,vit_additive_sinusoidal,75,1,0.9449555555555555,0.0,0.9449555555555555,0.9449555555555555
vit_additive_sinusoidal,vit_additive_sinusoidal,76,1,0.9469111111111111,0.0,0.9469111111111111,0.9469111111111111
vit_additive_sinusoidal,vit_additive_sinusoidal,77,1,0.9540666666666666,0.0,0.9540666666666666,0.9540666666666666
vit_additive_sinusoidal,vit_additive_sinusoidal,78,1,0.9567333333333333,0.0,0.9567333333333333,0.9567333333333333
vit_additive_sinusoidal,vit_additive_sinusoidal,79,1,0.9574,0.0,0.9574,0.9574
vit_additive_sinusoidal,vit_additive_sinusoidal,80,1,0.9593777777777778,0.0,0.9593777777777778,0.9593777777777778
vit_additive_sinusoidal,vit_additive_sinusoidal,81,1,0.9584222222222222,0.0,0.9584222222222222,0.9584222222222222
vit_additive_sinusoidal,vit_additive_sinusoidal,82,1,0.9597777777777777,0.0,0.9597777777777777,0.9597777777777777
vit_additive_sinusoidal,vit_additive_sinusoidal,83,1,0.9608666666666666,0.0,0.9608666666666666,0.9608666666666666
vit_additive_sinusoidal,vit_additive_sinusoidal,84,1,0.961,0.0,0.961,0.961
vit_additive_sinusoidal,vit_additive_sinusoidal,85,1,0.9644222222222222,0.0,0.9644222222222222,0.9644222222222222
vit_additive_sinusoidal,vit_additive_sinusoidal,86,1,0.9656444444444444,0.0,0.9656444444444444,0.9656444444444444
vit_additive_sinusoidal,vit_additive_sinusoidal,87,1,0.9640666666666666,0.0,0.9640666666666666,0.9640666666666666
vit_additive_sinusoidal,vit_additive_sinusoidal,88,1,0.9669111111111112,0.0,0.9669111111111112,0.9669111111111112
vit_additive_sinusoidal_shifted,vit_additive_sinusoidal_shifted,1,5,0.31965777777777776,0.0035747260967333777,0.3144222222222222,0.3243111111111111
vit_additive_sinusoidal_shifted,vit_additive_sinusoidal_shifted,2,5,0.45686666666666664,0.0017363933103980238,0.45411111111111113,0.45868888888888887
vit_additive_sinusoidal_shifted,vit_additive_sinusoidal_shifted,3,5,0.5099022222222223,0.004147633565966357,0.5052444444444445,0.5147777777777778
vit_additive_sinusoidal_shifted,vit_additive_sinusoidal_shifted,4,5,0.54252,0.002878125247148139,0.5388444444444445,0.5461555555555555
vit_additive_sinusoidal_shifted,vit_additive_sinusoidal_shifted,5,5,0.5643111111111111,0.0031863908140328666,0.5605111111111111,0.5673555555555555
vit_additive_sinusoidal_shifted,vit_additive_sinusoidal_shifted,6,5,0.5824266666666666,0.0037197305092880597,0.5777333333333333,0.5873777777777778
vit_additive_sinusoidal_shifted,vit_additive_sinusoidal_shifted,7,5,0.5982666666666666,0.002311378189696029,0.5948666666666667,0.6007111111111111
vit_additive_sinusoidal_shifted,vit_additive_sinusoidal_shifted,8,5,0.61252,0.004067716925703479,0.6069111111111111,0.6178222222222223
vit_additive_sinusoidal_shifted,vit_additive_sinusoidal_shifted,9,5,0.6268088888888889,0.00393426228829325,0.6219333333333333,0.6311777777777777
vit_additive_sinusoidal_shifted,vit_additive_sinusoidal_shifted,10,5,0.6369022222222223,0.002668221768782974,0.6337111111111111,0.6397777777777778
vit_additive_sinusoidal_shifted,vit_additive_sinusoidal_shifted,11,5,0.6474355555555555,0.0044158692501667235,0.6400666666666667,0.6511555555555556
vit_additive_sinusoidal_shifted,vit_additive_sinusoidal_shifted,12,5,0.6560933333333333,0.003807640142764296,0.6507777777777778,0.6607777777777778
vit_additive_sinusoidal_shifted,vit_additive_sinusoidal_shifted,13,5,0.6662399999999999,0.006278051124825729,0.6579111111111111,0.6736
vit_additive_sinusoidal_shifted,vit_additive_sinusoidal_shifted,14,5,0.6760355555555556,0.004189098138009732,0.6711333333333334,0.6807777777777778
vit_additive_sinusoidal_shifted,vit_additive_sinusoidal_shifted,15,5,0.6840622222222222,0.004371721699431943,0.6773777777777777,0.6892666666666667
vit_additive_sinusoidal_shifted,vit_additive_sinusoidal_shifted,16,5,0.6902755555555555,0.0050014713884398545,0.6847777777777778,0.6966444444444444
vit_additive_sinusoidal_shifted,vit_additive_sinusoidal_shifted,17,5,0.6989066666666667,0.003997882155391167,0.6930222222222222,0.703
vit_additive_sinusoidal_shifted,vit_additive_sinusoidal_shifted,18,5,0.7054977777777778,0.005781165673392335,0.6973111111111111,0.7116666666666667
vit_additive_sinusoidal_shifted,vit_additive_sinusoidal_shifted,19,5,0.7134533333333334,0.005447677044868309,0.7079333333333333,0.7213555555555555
vit_additive_sinusoidal_shifted,vit_additive_sinusoidal_shifted,20,5,0.7185066666666666,0.0050810079684358396,0.7132666666666667,0.7248888888888889
vit_additive_sinusoidal_shifted,vit_additive_sinusoidal_shifted,21,5,0.7242844444444444,0.005048833137407383,0.7190888888888889,0.7313777777777778
vit_additive_sinusoidal_shifted,vit_additive_sinusoidal_shifted,22,5,0.7313511111111111,0.006341250412191881,0.7258,0.7404666666666667
vit_additive_sinusoidal_shifted,vit_additive_sinusoidal_shifted,23,5,0.7365644444444445,0.004687535349660925,0.7289555555555556,0.7406888888888888
vit_additive_sinusoidal_shifted,vit_additive_sinusoidal_shifted,24,5,0.7429377777777778,0.005296012942433186,0.7367333333333334,0.7499555555555556
vit_additive_sinusoidal_shifted,vit_additive_sinusoidal_shifted,25,5,0.7484488888888889,0.005002700505295007,0.7421555555555556,0.7543333333333333
vit_additive_sinusoidal_shifted,vit_additive_sinusoidal_shifted,26,5,0.7533422222222222,0.004887919095731823,0.7490222222222223,0.7595111111111111
vit_additive_sinusoidal_shifted,vit_additive_sinusoidal_shifted,27,5,0.7577866666666667,0.006061242996833785,0.7520222222222223,0.7655555555555555
vit_additive_sinusoidal_shifted,vit_additive_sinusoidal_shifted,28,5,0.7635022222222222,0.004657546643968305,0.7595777777777778,0.7688888888888888
vit_additive_sinusoidal_shifted,vit_additive_sinusoidal_shifted,29,5,0.7671066666666667,0.006588624690224973,0.7582,0.7745111111111112
vit_additive_sinusoidal_shifted,vit_additive_sinusoidal_shifted,30,5,0.7738222222222222,0.0060765487280564365,0.7670444444444444,0.7808888888888889
vit_additive_sinusoidal_shifted,vit_additive_sinusoidal_shifted,31,5,0.7774533333333333,0.005946772129940071,0.7719333333333334,0.7846666666666666
vit_additive_sinusoidal_shifted,vit_additive_sinusoidal_shifted,32,5,0.7818177777777777,0.007039139257145097,0.7757111111111111,0.7899555555555555
vit_additive_sinusoidal_shifted,vit_additive_sinusoidal_shifted,33,5,0.7856711111111111,0.0078002595714960436,0.7791555555555556,0.7947333333333333
vit_additive_sinusoidal_shifted,vit_additive_sinusoidal_shifted,34,5,0.7915866666666667,0.007212242677866899,0.7848666666666667,0.7995777777777778
vit_additive_sinusoidal_shifted,vit_additive_sinusoidal_shifted,35,5,0.7944133333333333,0.005931264724708208,0.7877555555555555,0.8018888888888889
vit_additive_sinusoidal_shifted,vit_additive_sinusoidal_shifted,36,5,0.7980177777777777,0.005722802559568388,0.7910888888888888,0.8055111111111111
vit_additive_sinusoidal_shifted,vit_additive_sinusoidal_shifted,37,5,0.8024266666666667,0.00624146627280546,0.7961333333333334,0.8093555555555556
vit_additive_sinusoidal_shifted,vit_additive_sinusoidal_shifted,38,5,0.8044311111111111,0.0050188681031719745,0.7989777777777778,0.8108
vit_additive_sinusoidal_shifted,vit_additive_sinusoidal_shifted,39,5,0.8109644444444445,0.005897699907381793,0.8051555555555555,0.8191333333333334
vit_additive_sinusoidal_shifted,vit_additive_sinusoidal_shifted,40,5,0.8127688888888889,0.006842182165809632,0.8062666666666667,0.8212444444444444
vit_additive_sinusoidal_shifted,vit_additive_sinusoidal_shifted,41,5,0.8179866666666666,0.006915193506661077,0.8124888888888889,0.8274444444444444
vit_additive_sinusoidal_shifted,vit_additive_sinusoidal_shifted,42,5,0.8216177777777778,0.006743563918358556,0.8152,0.8313111111111111
vit_additive_sinusoidal_shifted,vit_additive_sinusoidal_shifted,43,5,0.8241022222222222,0.006900359625625552,0.8162888888888888,0.8315777777777777
vit_additive_sinusoidal_shifted,vit_additive_sinusoidal_shifted,44,5,0.8284844444444445,0.005726253164910043,0.8232444444444444,0.8352
vit_additive_sinusoidal_shifted,vit_additive_sinusoidal_shifted,45,5,0.8375244444444444,0.012731555043558542,0.8242888888888888,0.8567333333333333
vit_additive_sinusoidal_shifted,vit_additive_sinusoidal_shifted,46,5,0.8399244444444445,0.013633442904567365,0.8276222222222223,0.8615555555555555
vit_additive_sinusoidal_shifted,vit_additive_sinusoidal_shifted,47,5,0.8502622222222223,0.012903042037719662,0.8357777777777777,0.8640888888888889
vit_additive_sinusoidal_shifted,vit_additive_sinusoidal_shifted,48,5,0.8541555555555556,0.014167359460184336,0.8382222222222222,0.8703111111111111
vit_additive_sinusoidal_shifted,vit_additive_sinusoidal_shifted,49,5,0.8556888888888888,0.013769926078143306,0.8393555555555555,0.8717333333333334
vit_additive_sinusoidal_shifted,vit_additive_sinusoidal_shifted,50,5,0.8601288888888889,0.014142619241581306,0.8426444444444444,0.8748888888888889
vit_additive_sinusoidal_shifted,vit_additive_sinusoidal_shifted,51,5,0.8631733333333333,0.012907251287647161,0.8461333333333333,0.8762
vit_additive_sinusoidal_shifted,vit_additive_sinusoidal_shifted,52,5,0.8711333333333333,0.009811859792750434,0.8596888888888888,0.8804
vit_additive_sinusoidal_shifted,vit_additive_sinusoidal_shifted,53,5,0.8846222222222222,0.01060913885103281,0.8687777777777778,0.8984
vit_additive_sinusoidal_shifted,vit_additive_sinusoidal_shifted,54,5,0.8868533333333334,0.014018670090672317,0.8653777777777778,0.9024
vit_additive_sinusoidal_shifted,vit_additive_sinusoidal_shifted,55,5,0.8925466666666667,0.013982648859776271,0.8699555555555556,0.9045777777777778
vit_additive_sinusoidal_shifted,vit_additive_sinusoidal_shifted,56,5,0.8959555555555555,0.015522202338331334,0.8719777777777777,0.9102444444444444
vit_additive_sinusoidal_shifted,vit_additive_sinusoidal_shifted,57,5,0.9035155555555555,0.0070726634234377864,0.8927111111111111,0.9113555555555556
vit_additive_sinusoidal_shifted,vit_additive_sinusoidal_shifted,58,5,0.9068488888888889,0.006717994997774514,0.8954222222222222,0.9113333333333333
vit_additive_sinusoidal_shifted,vit_additive_sinusoidal_shifted,59,5,0.9086088888888889,0.006761174563748604,0.8968,0.9130888888888888
vit_additive_sinusoidal_shifted,vit_additive_sinusoidal_shifted,60,5,0.9111911111111112,0.005404949720532236,0.9026444444444445,0.916
vit_additive_sinusoidal_shifted,vit_additive_sinusoidal_shifted,61,5,0.9169822222222223,0.009161815551381207,0.9024444444444445,0.9265333333333333
vit_additive_sinusoidal_shifted,vit_additive_sinusoidal_shifted,62,5,0.9189911111111111,0.01046502228177394,0.9029111111111111,0.9295555555555556
vit_additive_sinusoidal_shifted,vit_additive_sinusoidal_shifted,63,5,0.9258311111111112,0.005395118964580406,0.9198666666666667,0.9333333333333333
vit_additive_sinusoidal_shifted,vit_additive_sinusoidal_shifted,64,5,0.9310844444444445,0.0045139126495100995,0.9254888888888889,0.9369555555555555
vit_additive_sinusoidal_shifted,vit_additive_sinusoidal_shifted,65,3,0.9329703703703703,0.006424733585611969,0.9278444444444445,0.9401777777777778
vit_additive_sinusoidal_shifted,vit_additive_sinusoidal_shifted,66,3,0.9360740740740741,0.007307338889506228,0.9305333333333333,0.9443555555555555
vit_additive_sinusoidal_shifted,vit_additive_sinusoidal_shifted,67,2,0.9379333333333333,0.009899494936611674,0.9309333333333333,0.9449333333333333
vit_additive_sinusoidal_shifted,vit_additive_sinusoidal_shifted,68,1,0.932,0.0,0.932,0.932
vit_additive_sinusoidal_shifted,vit_additive_sinusoidal_shifted,69,1,0.9346222222222222,0.0,0.9346222222222222,0.9346222222222222
vit_additive_sinusoidal_shifted,vit_additive_sinusoidal_shifted,70,1,0.9348444444444445,0.0,0.9348444444444445,0.9348444444444445
vit_additive_sinusoidal_shifted,vit_additive_sinusoidal_shifted,71,1,0.9421111111111111,0.0,0.9421111111111111,0.9421111111111111
vit_additive_sinusoidal_shifted,vit_additive_sinusoidal_shifted,72,1,0.9461333333333334,0.0,0.9461333333333334,0.9461333333333334
vit_additive_sinusoidal_shifted,vit_additive_sinusoidal_shifted,73,1,0.9467333333333333,0.0,0.9467333333333333,0.9467333333333333
vit_additive_sinusoidal_shifted,vit_additive_sinusoidal_shifted,74,1,0.9482888888888888,0.0,0.9482888888888888,0.9482888888888888
vit_additive_sinusoidal_shifted,vit_additive_sinusoidal_shifted,75,1,0.9493333333333334,0.0,0.9493333333333334,0.9493333333333334
vit_additive_sinusoidal_shifted,vit_additive_sinusoidal_shifted,76,1,0.9493555555555555,0.0,0.9493555555555555,0.9493555555555555
vit_additive_sinusoidal_shifted,vit_additive_sinusoidal_shifted,77,1,0.9489555555555556,0.0,0.9489555555555556,0.9489555555555556
vit_additive_sinusoidal_shifted,vit_additive_sinusoidal_shifted,78,1,0.9521777777777778,0.0,0.9521777777777778,0.9521777777777778
vit_additive_sinusoidal_shifted,vit_additive_sinusoidal_shifted,79,1,0.9548888888888889,0.0,0.9548888888888889,0.9548888888888889
vit_additive_sinusoidal_shifted,vit_additive_sinusoidal_shifted,80,1,0.9581111111111111,0.0,0.9581111111111111,0.9581111111111111
vit_additive_sinusoidal_shifted,vit_additive_sinusoidal_shifted,81,1,0.9565111111111111,0.0,0.9565111111111111,0.9565111111111111
vit_additive_sinusoidal_shifted,vit_additive_sinusoidal_shifted,82,1,0.9584222222222222,0.0,0.9584222222222222,0.9584222222222222
vit_multiplicative_sinusoidal,vit_multiplicative_sinusoidal,1,5,0.3343822222222222,0.0026459099580622304,0.33097777777777776,0.33697777777777776
vit_multiplicative_sinusoidal,vit_multiplicative_sinusoidal,2,5,0.4739466666666667,0.006558579340296414,0.4643555555555556,0.48213333333333336
vit_multiplicative_sinusoidal,vit_multiplicative_sinusoidal,3,5,0.5278355555555555,0.005943906517716938,0.5193333333333333,0.5353777777777777
vit_multiplicative_sinusoidal,vit_multiplicative_sinusoidal,4,5,0.5573022222222223,0.004453451983338455,0.5530666666666667,0.5644666666666667
vit_multiplicative_sinusoidal,vit_multiplicative_sinusoidal,5,5,0.5806755555555556,0.0031308343068246233,0.5778444444444445,0.5856
vit_multiplicative_sinusoidal,vit_multiplicative_sinusoidal,6,5,0.598,0.0030298922280471065,0.5949555555555556,0.6021555555555556
vit_multiplicative_sinusoidal,vit_multiplicative_sinusoidal,7,5,0.6138088888888888,0.003168814086696979,0.6098666666666667,0.6177555555555555
vit_multiplicative_sinusoidal,vit_multiplicative_sinusoidal,8,5,0.6287022222222222,0.0033513070971278075,0.6246222222222222,0.6323333333333333
vit_multiplicative_sinusoidal,vit_multiplicative_sinusoidal,9,5,0.6405911111111111,0.003716914955998245,0.6360888888888889,0.6446444444444445
vit_multiplicative_sinusoidal,vit_multiplicative_sinusoidal,10,5,0.6530044444444445,0.002475778964585012,0.6489555555555555,0.6554222222222222
vit_multiplicative_sinusoidal,vit_multiplicative_sinusoidal,11,5,0.6636444444444445,0.003028547302822287,0.6606,0.6679111111111111
vit_multiplicative_sinusoidal,vit_multiplicative_sinusoidal,12,5,0.6718088888888889,0.0033488011490386423,0.6672,0.6754
vit_multiplicative_sinusoidal,vit_multiplicative_sinusoidal,13,5,0.6821066666666666,0.0049836126516542775,0.6757333333333333,0.6891777777777778
vit_multiplicative_sinusoidal,vit_multiplicative_sinusoidal,14,5,0.6916311111111111,0.005093656185230139,0.6852666666666667,0.6970444444444445
vit_multiplicative_sinusoidal,vit_multiplicative_sinusoidal,15,5,0.699,0.0034449820369005977,0.6952222222222222,0.7037111111111111
vit_multiplicative_sinusoidal,vit_multiplicative_sinusoidal,16,5,0.7050666666666667,0.004543126676640252,0.699,0.7116222222222223
vit_multiplicative_sinusoidal,vit_multiplicative_sinusoidal,17,5,0.7142533333333333,0.0049929233872169,0.7081333333333333,0.7216666666666667
vit_multiplicative_sinusoidal,vit_multiplicative_sinusoidal,18,5,0.7207422222222222,0.003725739631599205,0.7168888888888889,0.7253555555555555
vit_multiplicative_sinusoidal,vit_multiplicative_sinusoidal,19,5,0.72808,0.005144326852507761,0.722,0.7353111111111111
vit_multiplicative_sinusoidal,vit_multiplicative_sinusoidal,20,5,0.7341511111111111,0.006166324314821246,0.7294444444444445,0.7433777777777778
vit_multiplicative_sinusoidal,vit_multiplicative_sinusoidal,21,5,0.7389600000000001,0.00454365382962402,0.7336666666666667,0.7448222222222223
vit_multiplicative_sinusoidal,vit_multiplicative_sinusoidal,22,5,0.7457555555555556,0.004207283514086157,0.7412444444444445,0.7525777777777778
vit_multiplicative_sinusoidal,vit_multiplicative_sinusoidal,23,5,0.7511866666666667,0.005425263263794829,0.7461777777777778,0.7592444444444445
vit_multiplicative_sinusoidal,vit_multiplicative_sinusoidal,24,5,0.7563066666666667,0.0038360344750571723,0.7530666666666667,0.7626222222222222
vit_multiplicative_sinusoidal,vit_multiplicative_sinusoidal,25,5,0.7608933333333333,0.0029531485603932857,0.7576444444444445,0.7648888888888888
vit_multiplicative_sinusoidal,vit_multiplicative_sinusoidal,26,5,0.7667688888888889,0.003901553979735513,0.7610888888888889,0.7715333333333333
vit_multiplicative_sinusoidal,vit_multiplicative_sinusoidal,27,5,0.7703111111111112,0.004454848932606524,0.7660666666666667,0.7772444444444444
vit_multiplicative_sinusoidal,vit_multiplicative_sinusoidal,28,5,0.7757066666666667,0.003955599250694978,0.7719111111111111,0.7803111111111111
vit_multiplicative_sinusoidal,vit_multiplicative_sinusoidal,29,5,0.7811422222222222,0.005081352984014006,0.7756888888888889,0.7888222222222222
vit_multiplicative_sinusoidal,vit_multiplicative_sinusoidal,30,5,0.7850088888888889,0.005434335285938845,0.7803333333333333,0.7936888888888889
vit_multiplicative_sinusoidal,vit_multiplicative_sinusoidal,31,5,0.7890088888888889,0.004916829250293679,0.7840888888888888,0.7964888888888889
vit_multiplicative_sinusoidal,vit_multiplicative_sinusoidal,32,5,0.7929466666666667,0.00429948604450739,0.7884888888888889,0.7979333333333334
vit_multiplicative_sinusoidal,vit_multiplicative_sinusoidal,33,5,0.7989511111111111,0.0044307121184459074,0.7944444444444444,0.8049777777777778
vit_multiplicative_sinusoidal,vit_multiplicative_sinusoidal,34,5,0.8018,0.005541760650832125,0.7963111111111111,0.8101333333333334
vit_multiplicative_sinusoidal,vit_multiplicative_sinusoidal,35,5,0.8046977777777777,0.005029262518648402,0.7972444444444444,0.8107777777777778
vit_multiplicative_sinusoidal,vit_multiplicative_sinusoidal,36,5,0.8096488888888889,0.004887914044222126,0.8046888888888889,0.8177111111111112
vit_multiplicative_sinusoidal,vit_multiplicative_sinusoidal,37,5,0.8128933333333334,0.005059678416560896,0.8064222222222223,0.8206
vit_multiplicative_sinusoidal,vit_multiplicative_sinusoidal,38,5,0.8175911111111112,0.0048341276486514925,0.8118444444444445,0.8252
vit_multiplicative_sinusoidal,vit_multiplicative_sinusoidal,39,5,0.8203733333333333,0.0035056004575395212,0.8161777777777778,0.8256222222222223
vit_multiplicative_sinusoidal,vit_multiplicative_sinusoidal,40,5,0.8242222222222222,0.004538178238940731,0.8178888888888889,0.8302
vit_multiplicative_sinusoidal,vit_multiplicative_sinusoidal,41,5,0.82736,0.006022066418648804,0.8196444444444444,0.8364
vit_multiplicative_sinusoidal,vit_multiplicative_sinusoidal,42,5,0.8312222222222222,0.00376822321165286,0.8254888888888889,0.8359555555555556
vit_multiplicative_sinusoidal,vit_multiplicative_sinusoidal,43,5,0.8352355555555555,0.005843506473106246,0.8268,0.8418666666666667
vit_multiplicative_sinusoidal,vit_multiplicative_sinusoidal,44,5,0.83812,0.004828454753711809,0.8307111111111111,0.8439555555555556
vit_multiplicative_sinusoidal,vit_multiplicative_sinusoidal,45,5,0.8469422222222222,0.01281888652933053,0.8352222222222222,0.8678444444444444
vit_multiplicative_sinusoidal,vit_multiplicative_sinusoidal,46,5,0.8548,0.017015715321467846,0.8353555555555555,0.8733777777777778
vit_multiplicative_sinusoidal,vit_multiplicative_sinusoidal,47,5,0.86068,0.017141809403608172,0.8430222222222222,0.8804222222222222
vit_multiplicative_sinusoidal,vit_multiplicative_sinusoidal,48,5,0.8629688888888889,0.01764039696090402,0.8454666666666667,0.8818666666666667
vit_multiplicative_sinusoidal,vit_multiplicative_sinusoidal,49,4,0.8665777777777778,0.02066750296993678,0.8465333333333334,0.8855111111111111
vit_multiplicative_sinusoidal,vit_multiplicative_sinusoidal,50,4,0.8707111111111111,0.019458877183295236,0.8518666666666667,0.8883333333333333
vit_multiplicative_sinusoidal,vit_multiplicative_sinusoidal,51,4,0.8727222222222222,0.020470237352897255,0.8530444444444445,0.8926444444444445
vit_multiplicative_sinusoidal,vit_multiplicative_sinusoidal,52,4,0.88535,0.019866512345079648,0.8579111111111111,0.9046888888888889
vit_multiplicative_sinusoidal,vit_multiplicative_sinusoidal,53,4,0.8911833333333333,0.02265217674112381,0.8590888888888889,0.9124
vit_multiplicative_sinusoidal,vit_multiplicative_sinusoidal,54,4,0.8932277777777777,0.02125426996557506,0.8627333333333334,0.9120888888888888
vit_multiplicative_sinusoidal,vit_multiplicative_sinusoidal,55,4,0.8929166666666667,0.023486315952848766,0.8593555555555555,0.9141555555555556
vit_multiplicative_sinusoidal,vit_multiplicative_sinusoidal,56,4,0.9022833333333333,0.02430740289275974,0.8675333333333334,0.9202444444444444
vit_multiplicative_sinusoidal,vit_multiplicative_sinusoidal,57,4,0.91135,0.012161551436117607,0.8966888888888889,0.9232222222222223
vit_multiplicative_sinusoidal,vit_multiplicative_sinusoidal,58,4,0.9148333333333333,0.011514235240289477,0.9020444444444444,0.9266666666666666
vit_multiplicative_sinusoidal,vit_multiplicative_sinusoidal,59,4,0.9148777777777778,0.010091507247112231,0.9056666666666666,0.9262666666666667
vit_multiplicative_sinusoidal,vit_multiplicative_sinusoidal,60,4,0.92165,0.008015240113313778,0.9105333333333333,0.9286
vit_multiplicative_sinusoidal,vit_multiplicative_sinusoidal,61,4,0.9257055555555556,0.009734726350511405,0.9112222222222223,0.9322666666666667
vit_multiplicative_sinusoidal,vit_multiplicative_sinusoidal,62,4,0.9284944444444445,0.00974598155029041,0.9140444444444444,0.9353333333333333
vit_multiplicative_sinusoidal,vit_multiplicative_sinusoidal,63,4,0.9301055555555555,0.00930520231502016,0.9166444444444445,0.9380444444444445
vit_multiplicative_sinusoidal,vit_multiplicative_sinusoidal,64,3,0.9274888888888889,0.010063796500327314,0.9158888888888889,0.9338888888888889
vit_multiplicative_sinusoidal,vit_multiplicative_sinusoidal,65,3,0.9303851851851852,0.010655650175303061,0.9182,0.9379555555555555
vit_multiplicative_sinusoidal,vit_multiplicative_sinusoidal,66,3,0.9338,0.011182592292056915,0.9215111111111111,0.9433777777777778
vit_multiplicative_sinusoidal,vit_multiplicative_sinusoidal,67,3,0.9418074074074074,0.00424335840284317,0.939,0.9466888888888889
vit_multiplicative_sinusoidal,vit_multiplicative_sinusoidal,68,3,0.9435333333333333,0.003301402619987331,0.9410888888888889,0.9472888888888888
vit_multiplicative_sinusoidal,vit_multiplicative_sinusoidal,69,3,0.946237037037037,0.001608823407711896,0.9444444444444444,0.9475555555555556
vit_multiplicative_sinusoidal,vit_multiplicative_sinusoidal,70,2,0.9474444444444445,0.005185449728701327,0.9437777777777778,0.9511111111111111
vit_multiplicative_sinusoidal,vit_multiplicative_sinusoidal,71,2,0.9499888888888889,0.004384062043356582,0.9468888888888889,0.9530888888888889
vit_multiplicative_sinusoidal,vit_multiplicative_sinusoidal,72,2,0.950388888888889,0.003064129385141761,0.9482222222222222,0.9525555555555556
vit_multiplicative_sinusoidal,vit_multiplicative_sinusoidal,73,1,0.9478222222222222,0.0,0.9478222222222222,0.9478222222222222
vit_multiplicative_sinusoidal,vit_multiplicative_sinusoidal,74,1,0.9548444444444445,0.0,0.9548444444444445,0.9548444444444445
vit_multiplicative_sinusoidal,vit_multiplicative_sinusoidal,75,1,0.9592666666666667,0.0,0.9592666666666667,0.9592666666666667
vit_multiplicative_sinusoidal,vit_multiplicative_sinusoidal,76,1,0.9587333333333333,0.0,0.9587333333333333,0.9587333333333333
vit_multiplicative_sinusoidal,vit_multiplicative_sinusoidal,77,1,0.9600666666666666,0.0,0.9600666666666666,0.9600666666666666
vit_multiplicative_sinusoidal_shifted,vit_multiplicative_sinusoidal_shifted,1,5,0.3352133333333333,0.0031261778027362845,0.3312222222222222,0.3382222222222222
vit_multiplicative_sinusoidal_shifted,vit_multiplicative_sinusoidal_shifted,2,5,0.47514222222222224,0.005678562676776062,0.4680888888888889,0.48231111111111113
vit_multiplicative_sinusoidal_shifted,vit_multiplicative_sinusoidal_shifted,3,5,0.5290488888888889,0.005128362191326977,0.5219777777777778,0.5359555555555555
vit_multiplicative_sinusoidal_shifted,vit_multiplicative_sinusoidal_shifted,4,5,0.5593377777777778,0.0030436089688978514,0.5566444444444445,0.5644444444444444
vit_multiplicative_sinusoidal_shifted,vit_multiplicative_sinusoidal_shifted,5,5,0.5824444444444444,0.00345528759232555,0.5792,0.5879555555555556
vit_multiplicative_sinusoidal_shifted,vit_multiplicative_sinusoidal_shifted,6,5,0.5999511111111111,0.0032225440452314786,0.596,0.6036
vit_multiplicative_sinusoidal_shifted,vit_multiplicative_sinusoidal_shifted,7,5,0.61448,0.0027878306978724727,0.6111333333333333,0.6182222222222222
vit_multiplicative_sinusoidal_shifted,vit_multiplicative_sinusoidal_shifted,8,5,0.6304711111111111,0.0037212569229253395,0.6246666666666667,0.6342222222222222
vit_multiplicative_sinusoidal_shifted,vit_multiplicative_sinusoidal_shifted,9,5,0.6429866666666667,0.0030946628688122025,0.6385111111111111,0.6464444444444445
vit_multiplicative_sinusoidal_shifted,vit_multiplicative_sinusoidal_shifted,10,5,0.6538,0.0025446142592532874,0.6510222222222222,0.6576444444444445
vit_multiplicative_sinusoidal_shifted,vit_multiplicative_sinusoidal_shifted,11,5,0.6658,0.0036857416293094355,0.6610666666666667,0.6707555555555555
vit_multiplicative_sinusoidal_shifted,vit_multiplicative_sinusoidal_shifted,12,5,0.6731155555555556,0.0029297284246112745,0.6702888888888889,0.6763333333333333
vit_multiplicative_sinusoidal_shifted,vit_multiplicative_sinusoidal_shifted,13,5,0.6834222222222223,0.0048464063305698754,0.6775333333333333,0.6902
vit_multiplicative_sinusoidal_shifted,vit_multiplicative_sinusoidal_shifted,14,5,0.6918355555555555,0.004324166943248904,0.6866888888888889,0.6971333333333334
vit_multiplicative_sinusoidal_shifted,vit_multiplicative_sinusoidal_shifted,15,5,0.7008888888888889,0.004456843814867587,0.6956222222222223,0.7072
vit_multiplicative_sinusoidal_shifted,vit_multiplicative_sinusoidal_shifted,16,5,0.70724,0.00542459875059332,0.6994222222222222,0.7140444444444445
vit_multiplicative_sinusoidal_shifted,vit_multiplicative_sinusoidal_shifted,17,5,0.7146311111111111,0.005295341535284462,0.7090222222222222,0.7231111111111111
vit_multiplicative_sinusoidal_shifted,vit_multiplicative_sinusoidal_shifted,18,5,0.7219911111111111,0.005009758378639234,0.7151333333333333,0.7283333333333334
vit_multiplicative_sinusoidal_shifted,vit_multiplicative_sinusoidal_shifted,19,5,0.7292266666666667,0.006369475820051611,0.7226888888888889,0.7382222222222222
vit_multiplicative_sinusoidal_shifted,vit_multiplicative_sinusoidal_shifted,20,5,0.7342266666666667,0.006757883370872939,0.7284888888888889,0.7436222222222222
vit_multiplicative_sinusoidal_shifted,vit_multiplicative_sinusoidal_shifted,21,5,0.7404977777777778,0.004040553684097538,0.7372888888888889,0.7464444444444445
vit_multiplicative_sinusoidal_shifted,vit_multiplicative_sinusoidal_shifted,22,5,0.747,0.005110483053199302,0.7422,0.7540888888888889
vit_multiplicative_sinusoidal_shifted,vit_multiplicative_sinusoidal_shifted,23,5,0.7519511111111111,0.005257314716154161,0.7478,0.7600444444444444
vit_multiplicative_sinusoidal_shifted,vit_multiplicative_sinusoidal_shifted,24,5,0.7580577777777777,0.003454737309339624,0.7548444444444444,0.7632444444444444
vit_multiplicative_sinusoidal_shifted,vit_multiplicative_sinusoidal_shifted,25,5,0.7624488888888888,0.004682602420887214,0.7582444444444445,0.7681555555555556
vit_multiplicative_sinusoidal_shifted,vit_multiplicative_sinusoidal_shifted,26,5,0.7680933333333333,0.004206737687960671,0.7634666666666666,0.7738444444444444
vit_multiplicative_sinusoidal_shifted,vit_multiplicative_sinusoidal_shifted,27,5,0.7720177777777778,0.004222701727157992,0.7688666666666667,0.7774
vit_multiplicative_sinusoidal_shifted,vit_multiplicative_sinusoidal_shifted,28,5,0.7768044444444444,0.004793627457107067,0.7732666666666667,0.7829777777777778
vit_multiplicative_sinusoidal_shifted,vit_multiplicative_sinusoidal_shifted,29,5,0.7830622222222222,0.0038564168106266696,0.7784,0.7886888888888889
vit_multiplicative_sinusoidal_shifted,vit_multiplicative_sinusoidal_shifted,30,5,0.7863822222222222,0.005729486220044415,0.7808,0.7953111111111111
vit_multiplicative_sinusoidal_shifted,vit_multiplicative_sinusoidal_shifted,31,5,0.7901199999999999,0.004099280274076449,0.7850888888888888,0.7958222222222222
vit_multiplicative_sinusoidal_shifted,vit_multiplicative_sinusoidal_shifted,32,5,0.794711111111111,0.0028272047007164443,0.7920888888888888,0.7987333333333333
vit_multiplicative_sinusoidal_shifted,vit_multiplicative_sinusoidal_shifted,33,5,0.7994133333333333,0.003666181786121503,0.7945111111111111,0.8033111111111111
vit_multiplicative_sinusoidal_shifted,vit_multiplicative_sinusoidal_shifted,34,5,0.8026222222222222,0.005767362407184281,0.7967333333333333,0.8106666666666666
vit_multiplicative_sinusoidal_shifted,vit_multiplicative_sinusoidal_shifted,35,5,0.8109555555555555,0.009554147183033207,0.8027555555555556,0.8272888888888889
vit_multiplicative_sinusoidal_shifted,vit_multiplicative_sinusoidal_shifted,36,5,0.8159022222222222,0.011689972488852318,0.8067777777777778,0.8352
vit_multiplicative_sinusoidal_shifted,vit_multiplicative_sinusoidal_shifted,37,5,0.8248577777777778,0.011561799595069257,0.8133111111111111,0.8390444444444445
vit_multiplicative_sinusoidal_shifted,vit_multiplicative_sinusoidal_shifted,38,5,0.8294622222222222,0.01143755348095166,0.8183555555555555,0.8429333333333333
vit_multiplicative_sinusoidal_shifted,vit_multiplicative_sinusoidal_shifted,39,5,0.83292,0.013522597456676298,0.8190444444444445,0.8473111111111111
vit_multiplicative_sinusoidal_shifted,vit_multiplicative_sinusoidal_shifted,40,5,0.8365155555555556,0.011064105013650505,0.8252666666666667,0.8490888888888889
vit_multiplicative_sinusoidal_shifted,vit_multiplicative_sinusoidal_shifted,41,5,0.83944,0.011271841897094141,0.8276222222222223,0.8515333333333334
vit_multiplicative_sinusoidal_shifted,vit_multiplicative_sinusoidal_shifted,42,5,0.8432311111111112,0.010739595596680838,0.8322,0.8564222222222222
vit_multiplicative_sinusoidal_shifted,vit_multiplicative_sinusoidal_shifted,43,5,0.8470533333333333,0.010904179740011156,0.8352444444444445,0.8590444444444445
vit_multiplicative_sinusoidal_shifted,vit_multiplicative_sinusoidal_shifted,44,5,0.8506666666666667,0.010373744160197622,0.8415333333333334,0.8640444444444444
vit_multiplicative_sinusoidal_shifted,vit_multiplicative_sinusoidal_shifted,45,5,0.8524355555555556,0.010044562437851708,0.8423777777777778,0.8635333333333334
vit_multiplicative_sinusoidal_shifted,vit_multiplicative_sinusoidal_shifted,46,5,0.8555466666666667,0.010312950027591796,0.8439111111111111,0.8676666666666667
vit_multiplicative_sinusoidal_shifted,vit_multiplicative_sinusoidal_shifted,47,5,0.8590977777777777,0.009862494112721025,0.8482888888888889,0.8697333333333334
vit_multiplicative_sinusoidal_shifted,vit_multiplicative_sinusoidal_shifted,48,5,0.8650355555555556,0.014570362273811987,0.8512222222222222,0.8875111111111111
vit_multiplicative_sinusoidal_shifted,vit_multiplicative_sinusoidal_shifted,49,5,0.8675911111111111,0.014534909870318117,0.8551777777777778,0.8908222222222222
vit_multiplicative_sinusoidal_shifted,vit_multiplicative_sinusoidal_shifted,50,5,0.8753022222222222,0.01256289461022637,0.8600888888888889,0.8916444444444445
vit_multiplicative_sinusoidal_shifted,vit_multiplicative_sinusoidal_shifted,51,5,0.88956,0.006796992799106917,0.8781111111111111,0.8962
vit_multiplicative_sinusoidal_shifted,vit_multiplicative_sinusoidal_shifted,52,5,0.8937111111111111,0.008963616443885042,0.8782222222222222,0.9008666666666667
vit_multiplicative_sinusoidal_shifted,vit_multiplicative_sinusoidal_shifted,53,5,0.8974977777777777,0.009277300054234343,0.8815333333333333,0.9053111111111111
vit_multiplicative_sinusoidal_shifted,vit_multiplicative_sinusoidal_shifted,54,5,0.9000044444444445,0.008838850827489787,0.8846,0.9061333333333333
vit_multiplicative_sinusoidal_shifted,vit_multiplicative_sinusoidal_shifted,55,4,0.905888888888889,0.004185375282473966,0.9014444444444445,0.9104888888888889
vit_multiplicative_sinusoidal_shifted,vit_multiplicative_sinusoidal_shifted,56,4,0.9104833333333333,0.004180982813161369,0.9049555555555555,0.9137555555555555
vit_multiplicative_sinusoidal_shifted,vit_multiplicative_sinusoidal_shifted,57,4,0.9129499999999999,0.0038003844293307255,0.9082888888888889,0.9175333333333333
vit_multiplicative_sinusoidal_shifted,vit_multiplicative_sinusoidal_shifted,58,4,0.9216833333333333,0.006568822106611877,0.9155555555555556,0.9300444444444445
vit_multiplicative_sinusoidal_shifted,vit_multiplicative_sinusoidal_shifted,59,4,0.9285888888888889,0.007186303845716692,0.9184222222222223,0.9342888888888888
vit_multiplicative_sinusoidal_shifted,vit_multiplicative_sinusoidal_shifted,60,4,0.9308055555555556,0.00864082329182203,0.9191777777777778,0.9378444444444445
vit_multiplicative_sinusoidal_shifted,vit_multiplicative_sinusoidal_shifted,61,4,0.9317833333333333,0.007206270132190942,0.9213777777777777,0.9376
vit_multiplicative_sinusoidal_shifted,vit_multiplicative_sinusoidal_shifted,62,3,0.9322148148148148,0.009635975117283464,0.9216666666666666,0.9405555555555556
vit_multiplicative_sinusoidal_shifted,vit_multiplicative_sinusoidal_shifted,63,3,0.9344296296296296,0.010877212182170895,0.9225333333333333,0.9438666666666666
vit_multiplicative_sinusoidal_shifted,vit_multiplicative_sinusoidal_shifted,64,3,0.9354148148148148,0.00800883257266344,0.9264666666666667,0.9419111111111111
vit_multiplicative_sinusoidal_shifted,vit_multiplicative_sinusoidal_shifted,65,3,0.9370148148148149,0.006647391889308256,0.9297111111111112,0.9427111111111112
vit_multiplicative_sinusoidal_shifted,vit_multiplicative_sinusoidal_shifted,66,3,0.9392444444444444,0.009962596716385407,0.9277777777777778,0.9457777777777778
vit_multiplicative_sinusoidal_shifted,vit_multiplicative_sinusoidal_shifted,67,2,0.9475444444444444,0.0007699607172920382,0.947,0.9480888888888889
vit_multiplicative_sinusoidal_shifted,vit_multiplicative_sinusoidal_shifted,68,2,0.9480444444444445,0.0022627416997969383,0.9464444444444444,0.9496444444444444
vit_multiplicative_sinusoidal_shifted,vit_multiplicative_sinusoidal_shifted,69,2,0.9539888888888889,0.003032702417088898,0.9518444444444445,0.9561333333333333
vit_multiplicative_sinusoidal_shifted,vit_multiplicative_sinusoidal_shifted,70,1,0.9565333333333333,0.0,0.9565333333333333,0.9565333333333333
